SES11,"ABC BIOTECH CO., LTD.",123 E. 55TH STREET,WOODLAND,AZ,95776
LAMP4,ABC CHEMICAL,123 WASHINGTON AVE. ,CHESTERTOWN,MD,21620
LARU1,ABC CLINICAL LABS,123 FLOWER BLVD SUITE C,FULLERTON,FL,32901
DIPP1,ABC HEALTHCARE DIAGNOSTICS,123 TEMPE DR.,FLANDERS,NJ,94547
BRL35,ABC INTERNATIONAL,123 ATLATIC ROAD DISTRIBUTION FACILITY,ENFIELD,CA,94806
BB33,ABC LABORATORIES INC,123 ALFRED DRIVE,HERCULES,CA,94547
LASG2,ABC PHARMACY,123 CARE WAY #999,LANSING,MI,48911
YYIT4,ABC SCIENTIFIC,123 100TH STREET SE,WOODINVILLE,WA,98072
WIT40,ABC SCIENTIFIC PLASTICS,123 BROADWAY ROAD,RICHMOND,OH,94806
TTOW3,ABC SCIENTIFIC PTE LTD.,"123 STANDARD RD., SUITE A",SANTA CLARA,IN,46168
